{
  "builds": [
    {
      "src": "package.json",
      "use": "@vercel/next"
    }
  ],
  "env": {
    "DATABASE_URL": "@database_url",
    "NEXTAUTH_URL": "@nextauth_url",
    "NEXTAUTH_SECRET": "@nextauth_secret",
    "NODE_ENV": "@node_env"
  },
  "build": {
    "env": {
      "DATABASE_URL": "@database_url",
      "NEXTAUTH_URL": "@nextauth_url",
      "NEXTAUTH_SECRET": "@nextauth_secret",
      "NODE_ENV": "@node_env"
    }
  },
  "routes": [
    {
      "src": "/api/(.*)",
      "dest": "/api/$1"
    },
    {
      "src": "/(.*)",
      "dest": "/$1"
    }
  ],
  "functions": {
    "app/api/**/*.ts": {
      "maxDuration": 30
    }
  }
}